2,Lotta,Hathaway,lhathaway1@sina.com.cn,Female,Shilling
3,Kesley,Tregunna,ktregunna2@ehow.com,Female,Rupiah
4,Idette,Stuart,istuart3@51.la,Female,Colon
7,Adriena,Cockman,acockman6@rambler.ru,Female,Dollar
9,Felicdad,Rubin,frubin8@sciencedirect.com,Female,Real
12,Mirna,Woodland,mwoodlandb@ed.gov,Female,Yen
15,Whitney,Kroon,wkroone@jalbum.net,Female,Franc
17,Fawne,Longbone,flongboneg@yelp.com,Female,Naira
18,Dasha,Pyzer,dpyzerh@canalblog.com,Female,Euro
19,Margalo,Bramall,mbramalli@jimdo.com,Female,Shekel
22,Lorene,Kuschke,lkuschkel@yelp.com,Female,Shilling
23,Janifer,Humphries,jhumphriesm@unblog.fr,Female,Peso
24,Gillie,Brisson,gbrissonn@360.cn,Female,Ouguiya
25,Celestyn,Caselli,ccasellio@biglobe.ne.jp,Female,Real
29,Herminia,Bruniges,hbrunigess@seattletimes.com,Female,Dram
32,Gwenny,Ormshaw,gormshawv@google.com.br,Female,Ruble
33,Michel,McGarva,mmcgarvaw@fda.gov,Female,Naira
34,Cecilia,Liebmann,cliebmannx@cornell.edu,Female,Rupiah
35,Jo,Splevins,jsplevinsy@xing.com,Female,Peso
39,Dorie,Lange,dlange12@walmart.com,Female,Yuan Renminbi
40,Ashlan,Bricket,abricket13@g.co,Female,Rupiah
41,Ange,Guilfoyle,aguilfoyle14@mediafire.com,Female,Euro
43,Jennilee,Denyagin,jdenyagin16@google.com.hk,Female,Yuan Renminbi
44,Dell,Sumner,dsumner17@indiegogo.com,Female,Peso
50,Nikolia,Borton,nborton1d@mysql.com,Female,Yuan Renminbi
55,Tamarah,Rowet,trowet1i@newyorker.com,Female,Peso
56,Almeda,Couronne,acouronne1j@state.tx.us,Female,Peso
58,Vikki,Londors,vlondors1l@github.io,Female,Hryvnia
59,Riva,Stodd,rstodd1m@wikia.com,Female,Quetzal
60,Clo,Gladwin,cgladwin1n@addtoany.com,Female,Euro
62,Viole,Alejandri,valejandri1p@wikipedia.org,Female,Euro
65,Ardisj,Niblett,aniblett1s@noaa.gov,Female,Rupiah
67,Fania,Rickhuss,frickhuss1u@umn.edu,Female,Yuan Renminbi
69,Gladi,Wooton,gwooton1w@so-net.ne.jp,Female,Yuan Renminbi
70,Phyllis,Abraham,pabraham1x@meetup.com,Female,Euro
71,Merilee,Pomphrett,mpomphrett1y@shop-pro.jp,Female,Real
77,Ferne,Daniell,fdaniell24@nbcnews.com,Female,Yen
80,Constantina,Devil,cdevil27@dropbox.com,Female,Birr
81,Christan,Finicj,cfinicj28@blog.com,Female,Zloty
83,Drusy,Seathwright,dseathwright2a@noaa.gov,Female,Euro
84,Penni,Jiroutka,pjiroutka2b@eventbrite.com,Female,Rupiah
87,Jessi,Kytley,jkytley2e@hostgator.com,Female,Yuan Renminbi
91,Paulette,Graham,pgraham2i@omniture.com,Female,Rupiah
92,Rubi,Coleman,rcoleman2j@latimes.com,Female,Denar
95,Francene,Sitlington,fsitlington2m@squarespace.com,Female,Rupiah
105,Teirtza,Kohrding,tkohrding2w@digg.com,Female,Dollar
106,Isis,Jaqueme,ijaqueme2x@springer.com,Female,Euro
110,Maggy,Raselles,mraselles31@paypal.com,Female,Peso
111,Ailene,Sutehall,asutehall32@nature.com,Female,Peso
115,Romy,Osmint,rosmint36@diigo.com,Female,Rupiah
118,Georgette,Toghill,gtoghill39@arizona.edu,Female,Krona
119,Indira,Sconce,isconce3a@wp.com,Female,Zloty
122,Peria,Taill,ptaill3d@yellowpages.com,Female,Afghani
123,Zilvia,Sissens,zsissens3e@who.int,Female,Krone
124,Windy,Cadany,wcadany3f@example.com,Female,Afghani
125,Stephana,Pittoli,spittoli3g@wikispaces.com,Female,Ruble
128,Daryl,Knotte,dknotte3j@hp.com,Female,Euro
130,Teddi,Freund,tfreund3l@photobucket.com,Female,Rupiah
134,Carry,Canniffe,ccanniffe3p@youtu.be,Female,Naira
138,Michaela,Eakly,meakly3t@squidoo.com,Female,Baht
139,Benny,Gerckens,bgerckens3u@hao123.com,Female,Peso
140,Beverley,Ox,box3v@goodreads.com,Female,Baht
142,Hortense,Ivison,hivison3x@sourceforge.net,Female,Real
143,Leonanie,Crichley,lcrichley3y@quantcast.com,Female,Euro
144,Emmie,Kew,ekew3z@digg.com,Female,Shilling
149,Desiree,Rudolf,drudolf44@ucoz.com,Female,Yuan Renminbi
150,Kaile,Cadany,kcadany45@skype.com,Female,Zloty
151,Shel,MacAlister,smacalister46@pbs.org,Female,Dinar
152,Tisha,Lidgey,tlidgey47@wp.com,Female,Real
158,Milicent,Green,mgreen4d@wikispaces.com,Female,Colon
160,Amalle,Alcido,aalcido4f@sfgate.com,Female,Rupiah
162,Camella,Debell,cdebell4h@addtoany.com,Female,Dollar
167,Odella,Stairmand,ostairmand4m@twitter.com,Female,Boliviano
169,Agnesse,Eberst,aeberst4o@walmart.com,Female,Cordoba
170,Domini,Akast,dakast4p@loc.gov,Female,Rupiah
177,Lexie,Katzmann,lkatzmann4w@wikispaces.com,Female,Peso
178,Ynes,Foister,yfoister4x@ucoz.ru,Female,Marka
179,Lila,Kassman,lkassman4y@mac.com,Female,Peso
180,Janey,Chasney,jchasney4z@i2i.jp,Female,Ruble
181,Ame,Mariaud,amariaud50@cpanel.net,Female,Dollar
186,Arliene,Hoyt,ahoyt55@ow.ly,Female,Sol
189,Maurine,Waycot,mwaycot58@ebay.co.uk,Female,Rupiah
191,Kristy,Swinn,kswinn5a@ask.com,Female,Yuan Renminbi
192,Kippie,Quig,kquig5b@washington.edu,Female,Euro
196,Rachele,Tezure,rtezure5f@digg.com,Female,Ruble
197,Estel,Traves,etraves5g@hc360.com,Female,Pound
198,Fionnula,Muris,fmuris5h@wunderground.com,Female,Yuan Renminbi
199,Lucia,Moorton,lmoorton5i@github.io,Female,Euro
202,Ofelia,McCready,omccready5l@slideshare.net,Female,Euro
203,Carmencita,Bendare,cbendare5m@yellowbook.com,Female,Sol
204,Opaline,Keal,okeal5n@geocities.com,Female,Euro
207,Aime,Ingleby,aingleby5q@ebay.com,Female,Rand
209,Paige,Loomes,ploomes5s@sun.com,Female,Rupiah
210,Viole,Tonbye,vtonbye5t@indiegogo.com,Female,Baht
211,Loutitia,Skechley,lskechley5u@sbwire.com,Female,Real
212,Lari,Woodhall,lwoodhall5v@studiopress.com,Female,Sol
214,Amber,Haggeth,ahaggeth5x@icio.us,Female,Yuan Renminbi
215,Diena,Grenter,dgrenter5y@zdnet.com,Female,Naira
217,Idalina,Schapero,ischapero60@sphinn.com,Female,Bolivar
220,Mara,Janew,mjanew63@amazon.co.jp,Female,Peso
221,Glenda,McMenemy,gmcmenemy64@cyberchimps.com,Female,Real
222,Daryn,Harber,dharber65@bizjournals.com,Female,Peso
224,Brinn,Vannini,bvannini67@domainmarket.com,Female,Baht
233,Odelia,Keward,okeward6g@feedburner.com,Female,Rupiah
235,Mable,Brudenell,mbrudenell6i@hostgator.com,Female,Euro
236,Adelaida,Paulley,apaulley6j@ucoz.com,Female,Peso
237,Courtenay,Fowlie,cfowlie6k@edublogs.org,Female,Dong
241,Agretha,Buncom,abuncom6o@amazon.de,Female,Yuan Renminbi
243,Courtnay,Fronczak,cfronczak6q@answers.com,Female,Peso
244,Kerstin,Sarl,ksarl6r@state.gov,Female,Yuan Renminbi
250,Eileen,Ranns,eranns6x@slate.com,Female,Real
251,Shanon,Mepsted,smepsted6y@chronoengine.com,Female,Euro
252,Randee,Becerra,rbecerra6z@pen.io,Female,Pound
253,Dalia,Hannabuss,dhannabuss70@list-manage.com,Female,Yuan Renminbi
254,Waly,Turnor,wturnor71@nature.com,Female,Denar
257,Jena,Cowlishaw,jcowlishaw74@blinklist.com,Female,Peso
258,Dolley,McCluney,dmccluney75@biglobe.ne.jp,Female,Afghani
263,Prudi,Empleton,pempleton7a@time.com,Female,Yuan Renminbi
267,Tresa,Jeyness,tjeyness7e@sfgate.com,Female,Cordoba
268,Harmony,Yankin,hyankin7f@gravatar.com,Female,Yuan Renminbi
271,Kendra,Cranmere,kcranmere7i@booking.com,Female,Peso
273,Bella,Collicott,bcollicott7k@histats.com,Female,Yuan Renminbi
275,Gilberte,Belderfield,gbelderfield7m@ibm.com,Female,Peso
281,Gusti,Cheal,gcheal7s@de.vu,Female,Rupiah
283,Ileane,Lemary,ilemary7u@businessweek.com,Female,Peso
284,Bettine,Shanklin,bshanklin7v@1688.com,Female,Rupiah
287,Constanta,Spavon,cspavon7y@marriott.com,Female,Koruna
289,Dulcine,Gerrels,dgerrels80@exblog.jp,Female,Rufiyaa
290,Julita,Erricker,jerricker81@hatena.ne.jp,Female,Zloty
291,Johannah,Gothrup,jgothrup82@newsvine.com,Female,Rupiah
295,Beckie,Ebbers,bebbers86@dagondesign.com,Female,Baht
296,Arlana,Mills,amills87@army.mil,Female,Won
297,Carrie,Trowle,ctrowle88@tinyurl.com,Female,Ruble
298,Frankie,Delafoy,fdelafoy89@icq.com,Female,Peso
302,Stoddard,Jozsa,sjozsa8d@wikipedia.org,Female,Hryvnia
303,Danita,O' Donohoe,dodonohoe8e@netscape.com,Female,Zloty
305,Torrie,Eacott,teacott8g@mysql.com,Female,Yuan Renminbi
308,Arleen,Schieferstein,aschieferstein8j@globo.com,Female,Ruble
309,Brita,Connerly,bconnerly8k@blinklist.com,Female,Yuan Renminbi
310,Roxi,Pucker,rpucker8l@phoca.cz,Female,Dollar
312,Valenka,Flores,vflores8n@sphinn.com,Female,Yuan Renminbi
313,Phylys,Biesinger,pbiesinger8o@time.com,Female,Yuan Renminbi
314,Antonetta,Jessett,ajessett8p@last.fm,Female,Yuan Renminbi
316,Carlyn,Furzey,cfurzey8r@tumblr.com,Female,Yuan Renminbi
317,Karel,Itzkowicz,kitzkowicz8s@dyndns.org,Female,Yuan Renminbi
319,Hildagarde,Cowpertwait,hcowpertwait8u@myspace.com,Female,Euro
322,Tracee,Pellamont,tpellamont8x@twitpic.com,Female,Real
326,Elset,Kelby,ekelby91@google.com.hk,Female,Koruna
327,Tasha,Gigg,tgigg92@gnu.org,Female,Rupiah
328,Lishe,Goodridge,lgoodridge93@wikimedia.org,Female,Baht
329,Maxi,Wibrow,mwibrow94@ocn.ne.jp,Female,Franc
330,Veronike,Kubelka,vkubelka95@gizmodo.com,Female,Krona
332,Chrystel,Guiden,cguiden97@apache.org,Female,Euro
333,Loutitia,Ricciardello,lricciardello98@facebook.com,Female,Lari
334,Randee,Rumsby,rrumsby99@opensource.org,Female,Euro
335,Sarena,Ead,sead9a@spiegel.de,Female,Euro
337,Elenore,Tolchar,etolchar9c@boston.com,Female,Zloty
340,Carmita,Cleugher,ccleugher9f@deviantart.com,Female,Euro
344,Helene,Durgan,hdurgan9j@google.com,Female,Yuan Renminbi
345,Sheila-kathryn,Readwing,sreadwing9k@soundcloud.com,Female,Dollar
346,Arabelle,Demange,ademange9l@earthlink.net,Female,Euro
348,Eyde,Cona,econa9n@unblog.fr,Female,Euro
349,Selena,Yelding,syelding9o@stanford.edu,Female,Ruble
350,Carlynne,Nelsen,cnelsen9p@dagondesign.com,Female,Pound
351,Blake,Gumm,bgumm9q@deviantart.com,Female,Peso
355,Mora,Juste,mjuste9u@sciencedirect.com,Female,Peso
356,Aloysia,Howieson,ahowieson9v@webmd.com,Female,Real
360,Kaila,Ormrod,kormrod9z@mozilla.com,Female,Real
361,Aeriela,Happel,ahappela0@bbc.co.uk,Female,Zloty
362,Jordanna,Henzer,jhenzera1@arstechnica.com,Female,Euro
364,Flory,Luciani,fluciania3@state.tx.us,Female,Rupiah
365,Nancy,Proffer,nproffera4@jalbum.net,Female,Euro
366,Annabal,Renvoise,arenvoisea5@unblog.fr,Female,Yuan Renminbi
368,Joline,Haimes,jhaimesa7@naver.com,Female,Yuan Renminbi
370,Ollie,Stoad,ostoada9@nytimes.com,Female,Shilling
372,Bernadette,Large,blargeab@webeden.co.uk,Female,Ruble
374,Gus,Durrell,gdurrellad@adobe.com,Female,Rupiah
375,Siusan,Mayell,smayellae@google.com.hk,Female,Dinar
376,Cosetta,Mowsdell,cmowsdellaf@google.co.jp,Female,Rupiah
377,Jonie,Allcoat,jallcoatag@plala.or.jp,Female,Dinar
378,Katherine,Burleigh,kburleighah@ycombinator.com,Female,Zloty
382,Shea,Whitlam,swhitlamal@goodreads.com,Female,Baht
384,Joyce,Manning,jmanningan@sfgate.com,Female,Hryvnia
386,Janaye,Cogdell,jcogdellap@istockphoto.com,Female,Rupiah
388,Moreen,Percifull,mpercifullar@hhs.gov,Female,Dollar
389,Neille,Kaas,nkaasas@rambler.ru,Female,Peso
392,Whitney,Townsend,wtownsendav@arizona.edu,Female,Zloty
393,Rennie,Farmloe,rfarmloeaw@diigo.com,Female,Manat
394,Carlee,Seleway,cselewayax@dell.com,Female,Real
396,Celestine,Dory,cdoryaz@adobe.com,Female,Pound
397,Madge,Rentenbeck,mrentenbeckb0@rakuten.co.jp,Female,Yuan Renminbi
399,Iolanthe,Bacop,ibacopb2@discovery.com,Female,Peso
400,Cherise,Fernanando,cfernanandob3@last.fm,Female,Real
403,Shaina,Dowdeswell,sdowdeswellb6@wikimedia.org,Female,Sol
405,Fayina,Berggren,fberggrenb8@twitpic.com,Female,Dong
407,Jeanne,MacKim,jmackimba@businessweek.com,Female,Rupiah
409,Dion,Choke,dchokebc@abc.net.au,Female,Rupiah
410,Betta,Borgne,bborgnebd@cocolog-nifty.com,Female,Real
411,Ajay,Alberti,aalbertibe@aol.com,Female,Peso
412,Roby,Linturn,rlinturnbf@java.com,Female,Euro
413,Kellie,A'Barrow,kabarrowbg@wufoo.com,Female,Yuan Renminbi
414,Crystie,McFie,cmcfiebh@over-blog.com,Female,Yuan Renminbi
415,Lani,Shildrick,lshildrickbi@go.com,Female,Peso
419,Malvina,Olive,molivebm@deviantart.com,Female,Krona
420,Nikolia,Wrathmell,nwrathmellbn@liveinternet.ru,Female,Rupiah
423,Jobie,Jeyness,jjeynessbq@soundcloud.com,Female,Dram
428,Stacee,Gardiner,sgardinerbv@slate.com,Female,Peso
429,Anne-corinne,Meach,ameachbw@booking.com,Female,Yuan Renminbi
433,Glennis,Garling,ggarlingc0@amazonaws.com,Female,Peso
434,Simone,Peert,speertc1@prlog.org,Female,Zloty
436,Tanhya,Suche,tsuchec3@jigsy.com,Female,Kuna
437,Leah,Froschauer,lfroschauerc4@fotki.com,Female,Rupiah
438,Caron,Vearncomb,cvearncombc5@t-online.de,Female,Dong
440,Helga,Breadon,hbreadonc7@rambler.ru,Female,Nakfa
444,Zondra,Eadmeads,zeadmeadscb@delicious.com,Female,Lek
445,Emelda,Deacock,edeacockcc@columbia.edu,Female,Rupiah
446,Marleah,De Gregario,mdegregariocd@youtube.com,Female,Peso
449,Tonie,Hoggan,thoggancg@mac.com,Female,Yuan Renminbi
451,Lorilyn,Volk,lvolkci@slideshare.net,Female,Yuan Renminbi
454,Birdie,D'Agostini,bdagostinicl@netvibes.com,Female,Euro
456,Jan,Nowlan,jnowlancn@twitter.com,Female,Tugrik
459,Sonni,Ruprich,sruprichcq@jimdo.com,Female,Birr
461,Marta,Plaistowe,mplaistowecs@booking.com,Female,Ruble
463,Joelie,Giroldi,jgiroldicu@mtv.com,Female,Euro
466,Frances,Keyzman,fkeyzmancx@free.fr,Female,Zloty
467,Lettie,Duckers,lduckerscy@naver.com,Female,Yuan Renminbi
468,Calli,Sustin,csustincz@so-net.ne.jp,Female,Ruble
471,Lenka,Miroy,lmiroyd2@tripod.com,Female,Rupiah
473,Rayshell,D'Hooghe,rdhooghed4@free.fr,Female,Krona
479,Heather,Beilby,hbeilbyda@addthis.com,Female,Zloty
480,Marthena,Senter,msenterdb@time.com,Female,Sol
481,Laryssa,Shildrake,lshildrakedc@deviantart.com,Female,Ruble
483,Alfy,Angrick,aangrickde@mtv.com,Female,Yuan Renminbi
484,Margery,Klouz,mklouzdf@ifeng.com,Female,Real
489,Marjie,Bramstom,mbramstomdk@biblegateway.com,Female,Rupiah
493,Dale,Bridgement,dbridgementdo@last.fm,Female,Franc
495,Wally,Sawdy,wsawdydq@networkadvertising.org,Female,Real
496,Eadie,Jess,ejessdr@vinaora.com,Female,Real
498,Marianne,Whimpenny,mwhimpennydt@list-manage.com,Female,Peso
502,Jolie,Anderl,janderldx@comcast.net,Female,Peso
504,Adena,Hendrik,ahendrikdz@harvard.edu,Female,Peso
505,Hattie,Axtonne,haxtonnee0@php.net,Female,Ruble
506,Jeanie,Renbold,jrenbolde1@tmall.com,Female,Euro
507,Jacinthe,Sale,jsalee2@vimeo.com,Female,Euro
508,Sunshine,Nozzolinii,snozzoliniie3@prweb.com,Female,Dollar
514,Sharleen,Pyson,spysone9@archive.org,Female,Peso
515,Marilin,Martinek,mmartinekea@scientificamerican.com,Female,Guarani
516,Denny,Figger,dfiggereb@oracle.com,Female,Yuan Renminbi
523,Elsi,Benjafield,ebenjafieldei@eventbrite.com,Female,Dirham
524,Charmine,Mark,cmarkej@joomla.org,Female,Peso
525,Lee,Krystek,lkrystekek@ebay.com,Female,Krona
529,Joly,Servant,jservanteo@theatlantic.com,Female,Yuan Renminbi
530,Rebekkah,Stoppard,rstoppardep@spotify.com,Female,Franc
531,Thea,Millyard,tmillyardeq@goodreads.com,Female,Koruna
533,Chery,Mazonowicz,cmazonowiczes@state.tx.us,Female,Sol
536,Celesta,Kalkhoven,ckalkhovenev@seesaa.net,Female,Ruble
537,Robina,Coulman,rcoulmanew@seattletimes.com,Female,Bolivar
538,Karalynn,Bruhnicke,kbruhnickeex@weebly.com,Female,Somoni
543,Salli,Collyns,scollynsf2@gov.uk,Female,Zloty
546,Issi,Sconce,isconcef5@netvibes.com,Female,Rupiah
549,Clementine,Leverson,cleversonf8@livejournal.com,Female,Dollar
550,Mareah,Marling,mmarlingf9@blogspot.com,Female,Dinar
552,Marguerite,Batter,mbatterfb@csmonitor.com,Female,Ruble
553,Jerry,Josum,jjosumfc@stanford.edu,Female,Rupiah
557,Berget,Elderfield,belderfieldfg@oaic.gov.au,Female,Tugrik
558,Leyla,Stoneham,lstonehamfh@domainmarket.com,Female,Rupiah
559,Sybyl,MacGinlay,smacginlayfi@dion.ne.jp,Female,Peso
561,Roana,Rosenstein,rrosensteinfk@typepad.com,Female,Yuan Renminbi
564,Marylynne,Brodie,mbrodiefn@ihg.com,Female,Real
567,Ansley,Son,asonfq@exblog.jp,Female,Real
568,Almeta,Boffin,aboffinfr@miibeian.gov.cn,Female,Rupiah
570,Jeane,Longstaffe,jlongstaffeft@google.cn,Female,Dollar
572,Isahella,Milby,imilbyfv@irs.gov,Female,Rupiah
573,Carol,Larmuth,clarmuthfw@latimes.com,Female,Rupiah
574,Concordia,Ibert,cibertfx@tuttocitta.it,Female,Euro
575,Megan,Vauter,mvauterfy@eepurl.com,Female,Yuan Renminbi
577,Moyra,Seville,msevilleg0@wordpress.org,Female,Euro
578,Trude,Mordecai,tmordecaig1@theglobeandmail.com,Female,Real
579,Kara-lynn,Wenman,kwenmang2@utexas.edu,Female,Zloty
580,Kalinda,Hydes,khydesg3@merriam-webster.com,Female,Peso
581,Ellissa,Pfeffel,epfeffelg4@newyorker.com,Female,Dinar
582,Samantha,Leaver,sleaverg5@cnn.com,Female,Yen
585,Gayleen,Radnage,gradnageg8@godaddy.com,Female,Peso
586,Eleen,Moreing,emoreingg9@spiegel.de,Female,Rupiah
588,Afton,Burfoot,aburfootgb@nytimes.com,Female,Dinar
590,Willow,Sherwill,wsherwillgd@ifeng.com,Female,Peso
591,Elayne,Rodrigo,erodrigoge@digg.com,Female,Yuan Renminbi
592,Amalea,Novotna,anovotnagf@salon.com,Female,Tenge
593,Elfreda,Bilam,ebilamgg@51.la,Female,Pound
594,Merilee,Howden,mhowdengh@hp.com,Female,Real
597,De,Merrett,dmerrettgk@360.cn,Female,Rupiah
599,Evonne,Fermoy,efermoygm@mozilla.com,Female,Peso
600,Elfrieda,Hobbema,ehobbemagn@canalblog.com,Female,Tugrik
601,Goldi,Gebhard,ggebhardgo@bbc.co.uk,Female,Real
603,Meghan,Fenny,mfennygq@yahoo.co.jp,Female,Yuan Renminbi
608,Harley,Sorrel,hsorrelgv@wix.com,Female,Shekel
613,Leone,Escalante,lescalanteh0@booking.com,Female,Yuan Renminbi
614,Kaitlyn,Oag,koagh1@gov.uk,Female,Yuan Renminbi
615,Lilli,Authers,lauthersh2@google.es,Female,Dollar
616,Daisey,Blacksland,dblackslandh3@auda.org.au,Female,Euro
617,Ainsley,Smissen,asmissenh4@dailymail.co.uk,Female,Dram
620,Livia,Wendover,lwendoverh7@123-reg.co.uk,Female,Dollar
622,Berna,Ciottoi,bciottoih9@stumbleupon.com,Female,Real
624,Alana,Robez,arobezhb@house.gov,Female,Yuan Renminbi
628,Alene,Willavoys,awillavoyshf@list-manage.com,Female,Yuan Renminbi
631,Nichol,Haselhurst,nhaselhursthi@pinterest.com,Female,Franc
632,Othella,Jolliman,ojollimanhj@china.com.cn,Female,Peso
634,Maisey,Menat,mmenathl@biblegateway.com,Female,Euro
637,Joletta,Mayling,jmaylingho@mozilla.com,Female,Guarani
639,Dyanna,McLane,dmclanehq@apache.org,Female,Euro
640,Devinne,Onge,dongehr@gizmodo.com,Female,Yuan Renminbi
646,Rosemaria,Schultze,rschultzehx@themeforest.net,Female,Yuan Renminbi
648,Tammara,Vayro,tvayrohz@biglobe.ne.jp,Female,Ringgit
650,Brier,Stiven,bstiveni1@discovery.com,Female,Balboa
653,Lyda,D'Oyly,ldoylyi4@netscape.com,Female,Won
654,Martita,Pickervance,mpickervancei5@quantcast.com,Female,Rupiah
655,Atlante,Ricciardiello,aricciardielloi6@techcrunch.com,Female,Dinar
656,Stephine,McAllan,smcallani7@list-manage.com,Female,Peso
657,Catlaina,Kensett,ckensetti8@wikispaces.com,Female,Real
658,Josepha,Winsom,jwinsomi9@myspace.com,Female,Ruble
660,Scarlett,Gatenby,sgatenbyib@latimes.com,Female,Euro
663,Shelagh,Watmough,swatmoughie@hugedomains.com,Female,Rupiah
664,Catlee,Sevior,cseviorif@github.com,Female,Yuan Renminbi
665,Meghann,Finn,mfinnig@mail.ru,Female,Dollar
669,Mureil,Edinboro,medinboroik@whitehouse.gov,Female,Ruble
670,Latisha,Ianniello,liannielloil@sciencedaily.com,Female,Kuna
672,Mab,Sissel,msisselin@ft.com,Female,Franc
673,Zelda,Nudd,znuddio@icq.com,Female,Dollar
675,Meade,Rankmore,mrankmoreiq@vistaprint.com,Female,Yuan Renminbi
677,Elana,Samart,esamartis@earthlink.net,Female,Peso
678,Mollee,Squirrell,msquirrellit@marriott.com,Female,Rand
679,Tobye,Jaggar,tjaggariu@economist.com,Female,Manat
682,Judye,Aldham,jaldhamix@gravatar.com,Female,Franc
684,Mirilla,Wimmer,mwimmeriz@rakuten.co.jp,Female,Guarani
685,Jenilee,Wardrope,jwardropej0@reference.com,Female,Quetzal
686,Madalena,McCrohon,mmccrohonj1@mediafire.com,Female,Dollar
687,Sharyl,Legerton,slegertonj2@tripod.com,Female,Krona
688,Cassy,Firk,cfirkj3@forbes.com,Female,Real
695,Lorianna,Redwall,lredwallja@census.gov,Female,Krona
696,Vivie,McCrystal,vmccrystaljb@about.com,Female,Peso
697,Estelle,Marshal,emarshaljc@shinystat.com,Female,Euro
704,Carlene,D'Acth,cdacthjj@npr.org,Female,Euro
706,Claude,Thumim,cthumimjl@weibo.com,Female,Naira
707,Arlene,Fairweather,afairweatherjm@gizmodo.com,Female,Yuan Renminbi
710,Gill,Bonanno,gbonannojp@example.com,Female,Yuan Renminbi
711,Jacintha,Korn,jkornjq@barnesandnoble.com,Female,Dollar
713,Conny,Koppelmann,ckoppelmannjs@seattletimes.com,Female,Dollar
714,Clari,Egdell,cegdelljt@typepad.com,Female,Euro
715,Tybie,Dripp,tdrippju@dagondesign.com,Female,Peso
716,Ninette,MacGiany,nmacgianyjv@hao123.com,Female,Real
717,Adele,Tynnan,atynnanjw@accuweather.com,Female,Peso
719,Perl,Thorn,pthornjy@tinyurl.com,Female,Yuan Renminbi
723,Dodi,Boater,dboaterk2@state.gov,Female,Peso
726,Shandy,Wingrove,swingrovek5@mit.edu,Female,Rupiah
728,Cally,Spere,csperek7@linkedin.com,Female,Euro
729,Torrie,Espasa,tespasak8@facebook.com,Female,Real
732,Brook,Lebrun,blebrunkb@biglobe.ne.jp,Female,Peso
734,Ree,Orridge,rorridgekd@xinhuanet.com,Female,Yuan Renminbi
735,Kakalina,Belf,kbelfke@vistaprint.com,Female,Rupiah
737,Dory,Cars,dcarskg@acquirethisname.com,Female,Tugrik
739,Lucienne,Mabone,lmaboneki@slideshare.net,Female,Dollar
740,Ruthann,Erskine Sandys,rerskinesandyskj@so-net.ne.jp,Female,Zloty
743,Rozanne,Lockhurst,rlockhurstkm@wired.com,Female,Pound
744,Mechelle,Low,mlowkn@psu.edu,Female,Peso
745,Alexi,D'Aeth,adaethko@altervista.org,Female,Euro
746,Christa,Isaacson,cisaacsonkp@apache.org,Female,Koruna
748,Nerissa,Valentine,nvalentinekr@unc.edu,Female,Zloty
749,Janeta,L'Episcopi,jlepiscopiks@woothemes.com,Female,Yuan Renminbi
750,Gabbey,Coghill,gcoghillkt@comcast.net,Female,Rupiah
751,Sibyl,Enders,sendersku@timesonline.co.uk,Female,Zloty
752,Lilllie,Learie,lleariekv@hexun.com,Female,Koruna
753,Winonah,Svanetti,wsvanettikw@microsoft.com,Female,Yuan Renminbi
755,Bunni,Bonwell,bbonwellky@nymag.com,Female,Yuan Renminbi
758,Lesli,Dissman,ldissmanl1@cmu.edu,Female,Euro
763,Erika,Brocket,ebrocketl6@abc.net.au,Female,Lempira
764,Arlinda,Korf,akorfl7@theglobeandmail.com,Female,Won
765,Grata,Feckey,gfeckeyl8@simplemachines.org,Female,Yuan Renminbi
767,Wilhelmina,Fishburn,wfishburnla@geocities.com,Female,Koruna
770,Daron,McCrohon,dmccrohonld@clickbank.net,Female,Euro
771,Bridgette,Meletti,bmelettile@bloglovin.com,Female,Ringgit
772,Dannie,Boord,dboordlf@thetimes.co.uk,Female,Peso
773,Meade,Faircliff,mfairclifflg@harvard.edu,Female,Afghani
774,Ebony,Cayzer,ecayzerlh@google.ru,Female,Krona
777,Amalee,Hyslop,ahysloplk@toplist.cz,Female,Rial
779,Odella,Seward,osewardlm@eepurl.com,Female,Peso
780,Magdalena,Mart,mmartln@wikispaces.com,Female,Dollar
782,Bernadine,Saunders,bsaunderslp@nyu.edu,Female,Euro
784,Moyna,Joye,mjoyelr@hhs.gov,Female,Yuan Renminbi
785,Marie-ann,Drew-Clifton,mdrewcliftonls@github.com,Female,Yuan Renminbi
790,Cynthy,Pilgram,cpilgramlx@irs.gov,Female,Yuan Renminbi
793,Harri,Jennions,hjennionsm0@slideshare.net,Female,Euro
794,Allyn,Moohan,amoohanm1@hao123.com,Female,Dollar
799,Christen,Judkin,cjudkinm6@telegraph.co.uk,Female,Ruble
800,Estrella,Goudge,egoudgem7@symantec.com,Female,Rupiah
804,Celestyna,Danilchik,cdanilchikmb@buzzfeed.com,Female,Shilling
805,Sean,Dax,sdaxmc@google.it,Female,Rial
808,Audre,Cassius,acassiusmf@desdev.cn,Female,Zloty
812,Annabell,Timbridge,atimbridgemj@rakuten.co.jp,Female,Denar
813,Felecia,Hansberry,fhansberrymk@hp.com,Female,Euro
815,Rey,Shorey,rshoreymm@tripadvisor.com,Female,Euro
816,Katrinka,Krysztofiak,kkrysztofiakmn@harvard.edu,Female,Rupiah
820,Sarene,Callinan,scallinanmr@g.co,Female,Euro
821,Nicky,Basnett,nbasnettms@wikispaces.com,Female,Dinar
822,Perl,Konke,pkonkemt@theguardian.com,Female,Euro
823,Hertha,Chillistone,hchillistonemu@storify.com,Female,Euro
824,Phaedra,Hultberg,phultbergmv@usatoday.com,Female,Euro
825,Elva,Rivers,eriversmw@salon.com,Female,Yuan Renminbi
826,Anastasie,Hairsine,ahairsinemx@hhs.gov,Female,Shekel
827,Francesca,Ravenshaw,fravenshawmy@go.com,Female,Ariary
828,Cyndi,Gerritzen,cgerritzenmz@baidu.com,Female,Zloty
829,Jandy,Swaffer,jswaffern0@yahoo.co.jp,Female,Sol
831,Bobby,Anwell,banwelln2@mayoclinic.com,Female,Krona
833,Mallory,Sworder,mswordern4@dot.gov,Female,Euro
835,Neille,Lenoir,nlenoirn6@mit.edu,Female,Euro
836,Em,Hayller,ehayllern7@barnesandnoble.com,Female,Euro
837,Kakalina,Cooke,kcooken8@yolasite.com,Female,Peso
838,Corene,Burghill,cburghilln9@ucoz.com,Female,Euro
845,Tabbitha,Skeete,tskeeteng@cbc.ca,Female,Euro
848,Noni,Blevin,nblevinnj@deviantart.com,Female,Peso
849,Susi,Vasilevich,svasilevichnk@nydailynews.com,Female,Krona
850,Dona,Grinsdale,dgrinsdalenl@mysql.com,Female,Rial
853,Christie,Cahen,ccahenno@mit.edu,Female,Ruble
854,Cindy,Rudham,crudhamnp@oakley.com,Female,Balboa
855,Carroll,Kornyakov,ckornyakovnq@clickbank.net,Female,Yuan Renminbi
858,Kathlin,Gleder,kgledernt@cpanel.net,Female,Rupiah
859,Nanny,Lattie,nlattienu@networksolutions.com,Female,Yuan Renminbi
864,Tilda,Penrice,tpenricenz@mayoclinic.com,Female,Ruble
867,Felisha,Klaaasen,fklaaaseno2@symantec.com,Female,Krona
868,Doreen,Chater,dchatero3@uol.com.br,Female,Sol
869,Kim,Clerk,kclerko4@imdb.com,Female,Rupiah
870,Noel,Castledine,ncastledineo5@xing.com,Female,Euro
872,Sherie,Hills,shillso7@forbes.com,Female,Yen
873,Merla,Tampin,mtampino8@prweb.com,Female,Rupiah
874,Dulcinea,Atte-Stone,dattestoneo9@japanpost.jp,Female,Ruble
877,Caterina,Dalziell,cdalzielloc@twitter.com,Female,Marka
879,Kiley,Yitzhakof,kyitzhakofoe@spotify.com,Female,Yuan Renminbi
884,Dacy,Artz,dartzoj@amazon.de,Female,Peso
886,Ailey,Van den Oord,avandenoordol@google.com.br,Female,Shekel
887,Neysa,Ovendale,novendaleom@theguardian.com,Female,Yuan Renminbi
893,Arline,Dudden,aduddenos@paginegialle.it,Female,Zloty
894,Jeanelle,Whether,jwhetherot@live.com,Female,Kyat
896,Elfreda,Caroli,ecaroliov@google.ca,Female,Yuan Renminbi
897,Maribelle,Kuhle,mkuhleow@lycos.com,Female,Baht
899,Arleyne,Gheeraert,agheeraertoy@edublogs.org,Female,Euro
900,Lorita,Dukelow,ldukelowoz@infoseek.co.jp,Female,Rupiah
902,Mariana,Mc Giffin,mmcgiffinp1@furl.net,Female,Yuan Renminbi
903,Kora,Rudiger,krudigerp2@tuttocitta.it,Female,Rupiah
904,Serena,Cella,scellap3@whitehouse.gov,Female,Rial
905,Kerianne,Cogdon,kcogdonp4@hostgator.com,Female,Real
907,Sharyl,Crichley,scrichleyp6@smh.com.au,Female,Zloty
910,Coralyn,Medley,cmedleyp9@liveinternet.ru,Female,Krone
911,Hinda,Filipczak,hfilipczakpa@reverbnation.com,Female,Dollar
916,Julia,Cominoli,jcominolipf@yellowbook.com,Female,Rupiah
917,Sydney,Sutton,ssuttonpg@people.com.cn,Female,Yuan Renminbi
919,Moria,Downham,mdownhampi@hubpages.com,Female,Rupiah
921,Valenka,Hafford,vhaffordpk@parallels.com,Female,Yuan Renminbi
923,Annmaria,Figgures,afiggurespm@themeforest.net,Female,Euro
924,Felisha,Scandrite,fscandritepn@multiply.com,Female,Sol
929,Shoshana,Towriss,stowrissps@hubpages.com,Female,Euro
930,Lily,Lantaff,llantaffpt@cdbaby.com,Female,Yuan Renminbi
931,Allie,Dowdam,adowdampu@webmd.com,Female,Dollar
932,Klarika,Boynes,kboynespv@goodreads.com,Female,Manat
933,Gerrie,Stenhouse,gstenhousepw@google.cn,Female,Yuan Renminbi
934,Roanne,Gerleit,rgerleitpx@marketwatch.com,Female,Peso
936,Chloe,Andrieux,candrieuxpz@cnbc.com,Female,Somoni
937,Delilah,Blaxter,dblaxterq0@bbb.org,Female,Yuan Renminbi
939,Orelee,Claibourn,oclaibournq2@wired.com,Female,Cordoba
942,Jillian,Lipp,jlippq5@gizmodo.com,Female,Rupiah
943,Monah,Gretton,mgrettonq6@domainmarket.com,Female,Rupee
945,Isa,Missen,imissenq8@typepad.com,Female,Tala
946,Annabella,Bill,abillq9@nytimes.com,Female,Shilling
948,Christie,Karppi,ckarppiqb@jiathis.com,Female,Ruble
950,Theda,Larham,tlarhamqd@auda.org.au,Female,Rupiah
951,Joey,Amiss,jamissqe@tmall.com,Female,Yuan Renminbi
954,Jocelin,Klisch,jklischqh@clickbank.net,Female,Som
956,Aryn,Trowsdall,atrowsdallqj@issuu.com,Female,Euro
957,Jordan,Holgan,jholganqk@arstechnica.com,Female,Peso
959,Janie,Riccioppo,jriccioppoqm@chronoengine.com,Female,Franc
962,Garland,Nicholl,gnichollqp@ox.ac.uk,Female,Dollar
963,Natalya,Cowlard,ncowlardqq@amazon.de,Female,Real
964,Anabelle,Harrell,aharrellqr@ucsd.edu,Female,Rupiah
968,Nonie,Verrill,nverrillqv@dagondesign.com,Female,Peso
973,Vivienne,Feavers,vfeaversr0@deviantart.com,Female,Dram
975,Freddy,Crowther,fcrowtherr2@networkadvertising.org,Female,Euro
978,Alyda,Wrightson,awrightsonr5@shareasale.com,Female,Peso
979,Danyette,Howsden,dhowsdenr6@meetup.com,Female,Euro
982,Penny,Housiaux,phousiauxr9@xing.com,Female,Peso
984,Leonanie,Moakes,lmoakesrb@economist.com,Female,Peso
986,Deeanne,Yetton,dyettonrd@google.es,Female,Yuan Renminbi
987,Willi,Struijs,wstruijsre@mashable.com,Female,Real
990,Buffy,Yeowell,byeowellrh@jalbum.net,Female,Yuan Renminbi
991,Carrie,Whewell,cwhewellri@cyberchimps.com,Female,Dong
992,Leslie,Walduck,lwalduckrj@desdev.cn,Female,Euro
993,Hally,Favey,hfaveyrk@nih.gov,Female,Marka
994,Norah,Walkinshaw,nwalkinshawrl@netvibes.com,Female,Peso
997,Isa,Farey,ifareyro@home.pl,Female,Rupiah
998,Hyacinthia,Soares,hsoaresrp@home.pl,Female,Cedi
999,Marinna,Wickie,mwickierq@slideshare.net,Female,Yuan Renminbi
1000,Elissa,Lazenby,elazenbyrr@zimbio.com,Female,Rial
