6,Cornell,Teffrey,cteffrey5@baidu.com,Male,Peso
10,Roosevelt,Lamas,rlamas9@google.ru,Male,Ruble
13,Franz,Bellwood,fbellwoodc@deliciousdays.com,Male,Yen
14,Wash,Sagar,wsagard@51.la,Male,Marka
16,Urbano,Stubley,ustubleyf@com.com,Male,Krona
20,Myer,Knewstub,mknewstubj@typepad.com,Male,Rupiah
21,Doyle,Lamplugh,dlamplughk@skype.com,Male,Euro
27,Foster,Bisson,fbissonq@un.org,Male,Yuan Renminbi
30,Humfried,Fardo,hfardot@altervista.org,Male,Zloty
31,Casper,Hutchin,chutchinu@pinterest.com,Male,Ruble
37,Solly,Clitherow,sclitherow10@yahoo.com,Male,Peso
38,Reinhard,Maciunas,rmaciunas11@bbb.org,Male,Peso
42,Barton,Goulstone,bgoulstone15@redcross.org,Male,Yuan Renminbi
45,Germayne,Potteridge,gpotteridge18@netscape.com,Male,Sol
46,Hernando,Corss,hcorss19@cyberchimps.com,Male,Rupiah
48,Donaugh,Files,dfiles1b@squidoo.com,Male,Yuan Renminbi
49,Kevan,Brignell,kbrignell1c@sfgate.com,Male,Shilling
51,Allyn,Moughtin,amoughtin1e@1688.com,Male,Peso
52,Cully,Langtree,clangtree1f@ifeng.com,Male,Yuan Renminbi
53,Xymenes,Boulder,xboulder1g@prnewswire.com,Male,Sol
54,Rufe,Lempenny,rlempenny1h@t.co,Male,Yuan Renminbi
57,Branden,Bellefonte,bbellefonte1k@myspace.com,Male,Real
61,Noach,Morad,nmorad1o@ibm.com,Male,Shilling
63,Claus,McKeand,cmckeand1q@harvard.edu,Male,Peso
66,Remus,Cloney,rcloney1t@businessinsider.com,Male,Som
68,Hagen,Gajownik,hgajownik1v@oaic.gov.au,Male,Yuan Renminbi
72,Cirillo,Britcher,cbritcher1z@fda.gov,Male,Peso
73,Kurt,McMenemy,kmcmenemy20@utexas.edu,Male,Manat
74,Lorens,Linklet,llinklet21@army.mil,Male,Rupiah
75,Elvis,Stother,estother22@wired.com,Male,Franc
76,Kearney,Laguerre,klaguerre23@answers.com,Male,Naira
85,Frans,Caughey,fcaughey2c@npr.org,Male,Birr
86,Obediah,Canti,ocanti2d@parallels.com,Male,Rupiah
88,Brandtr,Loachhead,bloachhead2f@nbcnews.com,Male,Dollar
90,Artus,Strickett,astrickett2h@is.gd,Male,Real
93,Urson,Caudle,ucaudle2k@army.mil,Male,Real
94,Jody,Paulazzi,jpaulazzi2l@posterous.com,Male,Somoni
96,Mattie,Silverthorne,msilverthorne2n@foxnews.com,Male,Peso
97,Pepe,Peplaw,ppeplaw2o@jiathis.com,Male,Pound
98,Beau,Galey,bgaley2p@adobe.com,Male,Yuan Renminbi
99,Kaine,Cruce,kcruce2q@discuz.net,Male,Shilling
100,Allie,Basezzi,abasezzi2r@phoca.cz,Male,Koruna
101,Sholom,Burridge,sburridge2s@cmu.edu,Male,Rupiah
104,Christian,Petican,cpetican2v@google.cn,Male,Ruble
108,Marcelo,Timmermann,mtimmermann2z@unc.edu,Male,Rupiah
109,Radcliffe,Primmer,rprimmer30@icq.com,Male,Escudo
112,Chilton,Polkinhorn,cpolkinhorn33@chronoengine.com,Male,Ruble
113,Timothy,Rubi,trubi34@blogs.com,Male,Dinar
114,Adolph,Greenman,agreenman35@4shared.com,Male,Marka
116,Solomon,Dunk,sdunk37@japanpost.jp,Male,Rial
117,Booth,Hagley,bhagley38@cbslocal.com,Male,Kuna
121,Cosimo,Macconachy,cmacconachy3c@vk.com,Male,Euro
126,Seth,Mawson,smawson3h@epa.gov,Male,Zloty
127,Randy,Crocetto,rcrocetto3i@about.me,Male,Euro
129,Bank,Paszek,bpaszek3k@zimbio.com,Male,Rupiah
131,Barn,Haville,bhaville3m@pagesperso-orange.fr,Male,Yuan Renminbi
133,Joshia,Utton,jutton3o@purevolume.com,Male,Yuan Renminbi
135,Hewitt,Trayford,htrayford3q@cbsnews.com,Male,Peso
136,Fraze,Spanswick,fspanswick3r@multiply.com,Male,Yuan Renminbi
137,Lyell,Carmo,lcarmo3s@harvard.edu,Male,Franc
141,Simeon,Edleston,sedleston3w@vimeo.com,Male,Rupiah
145,Aymer,Golden of Ireland,agoldenofireland40@businessinsider.com,Male,Peso
146,Maurice,Whitland,mwhitland41@zimbio.com,Male,Ruble
153,De witt,Bumphries,dbumphries48@ning.com,Male,Yuan Renminbi
154,Syman,Meeks,smeeks49@wix.com,Male,Ruble
155,Vladamir,Grigoriscu,vgrigoriscu4a@sakura.ne.jp,Male,Real
157,Chrissy,Haggas,chaggas4c@samsung.com,Male,Euro
164,Krishnah,Carnaman,kcarnaman4j@mail.ru,Male,Kuna
165,Jayme,Tamsett,jtamsett4k@uol.com.br,Male,Zloty
168,Kiley,Josephy,kjosephy4n@simplemachines.org,Male,Peso
171,Laurens,O'Brogane,lobrogane4q@imageshack.us,Male,Sol
172,Fidole,Theunissen,ftheunissen4r@columbia.edu,Male,Yuan Renminbi
173,Gino,Cockram,gcockram4s@homestead.com,Male,Peso
174,Jackie,Dugget,jdugget4t@alexa.com,Male,Yuan Renminbi
175,Jesse,Acuna,jacuna4u@bloglines.com,Male,Ruble
176,Bryanty,Medland,bmedland4v@europa.eu,Male,Euro
182,Alphonso,Rudderham,arudderham51@eepurl.com,Male,Yuan Renminbi
183,Earl,Dullaghan,edullaghan52@vkontakte.ru,Male,Ruble
185,Kile,MacGillavery,kmacgillavery54@trellian.com,Male,Peso
187,Garrett,Algie,galgie56@free.fr,Male,Yuan Renminbi
188,Isidro,Dobsons,idobsons57@youku.com,Male,Yuan Renminbi
193,Benjamin,Hollows,bhollows5c@marriott.com,Male,Ruble
194,Herrick,Vogele,hvogele5d@ameblo.jp,Male,Rupiah
195,Batholomew,Tindley,btindley5e@apache.org,Male,Peso
200,Renault,Box,rbox5j@wp.com,Male,Krona
201,Giorgio,Milesop,gmilesop5k@scribd.com,Male,Ruble
205,Remington,Tate,rtate5o@mediafire.com,Male,Rupiah
206,Lodovico,Papes,lpapes5p@google.ru,Male,Peso
213,Herschel,Llewelly,hllewelly5w@booking.com,Male,Zloty
219,Milt,Gallety,mgallety62@mit.edu,Male,Peso
223,Francklin,Towsie,ftowsie66@cbc.ca,Male,Yuan Renminbi
225,Alonzo,Dowglass,adowglass68@infoseek.co.jp,Male,Zloty
226,Hieronymus,Roels,hroels69@miitbeian.gov.cn,Male,Euro
227,Hewie,Bezemer,hbezemer6a@ox.ac.uk,Male,Yuan Renminbi
228,Sloane,Lindblad,slindblad6b@amazon.de,Male,Rupiah
229,Boony,Crompton,bcrompton6c@bizjournals.com,Male,Yuan Renminbi
230,Prescott,Keightley,pkeightley6d@google.ru,Male,Yuan Renminbi
231,Leopold,MacCoveney,lmaccoveney6e@mapquest.com,Male,Yuan Renminbi
232,Heall,Thormwell,hthormwell6f@samsung.com,Male,Euro
238,Uriel,Vasilenko,uvasilenko6l@boston.com,Male,Euro
240,Maynard,Thandi,mthandi6n@list-manage.com,Male,Peso
242,Hector,Burnitt,hburnitt6p@netscape.com,Male,Rupee
246,Niall,Godwin,ngodwin6t@prweb.com,Male,Hryvnia
247,Carney,Pasquale,cpasquale6u@t-online.de,Male,Euro
248,Hollis,Drewson,hdrewson6v@sakura.ne.jp,Male,Rial
249,Scotty,Siveyer,ssiveyer6w@weather.com,Male,Yuan Renminbi
255,Ellerey,Magwood,emagwood72@tinypic.com,Male,Euro
256,Garrott,Tommei,gtommei73@w3.org,Male,Forint
259,Rand,Tuhy,rtuhy76@yahoo.com,Male,Peso
260,Luce,Telezhkin,ltelezhkin77@hostgator.com,Male,Rupiah
261,Reinald,Gomes,rgomes78@ca.gov,Male,Yuan Renminbi
262,Boote,Swainger,bswainger79@purevolume.com,Male,Franc
264,Quincey,Charnock,qcharnock7b@sfgate.com,Male,Yuan Renminbi
265,Eward,Ring,ering7c@wufoo.com,Male,Yuan Renminbi
270,Huberto,Brizell,hbrizell7h@hatena.ne.jp,Male,Yuan Renminbi
272,Massimo,Royan,mroyan7j@technorati.com,Male,Yuan Renminbi
274,Gustavus,Durnford,gdurnford7l@list-manage.com,Male,Dong
276,Erwin,Deftie,edeftie7n@opera.com,Male,Pound
277,Pat,Train,ptrain7o@ifeng.com,Male,Euro
278,Scot,Hallt,shallt7p@jugem.jp,Male,Euro
280,Andie,Whyborn,awhyborn7r@irs.gov,Male,Peso
282,Rufe,Shemilt,rshemilt7t@unblog.fr,Male,Rupiah
285,Kean,Nisby,knisby7w@behance.net,Male,Real
286,Noam,Skyner,nskyner7x@businessinsider.com,Male,Yuan Renminbi
292,Chadwick,Playfair,cplayfair83@nyu.edu,Male,Yuan Renminbi
293,Patin,Janzen,pjanzen84@google.pl,Male,Franc
294,Zerk,Pretsel,zpretsel85@privacy.gov.au,Male,Krone
299,Welbie,Pettiward,wpettiward8a@forbes.com,Male,Euro
300,Upton,Baythorp,ubaythorp8b@google.fr,Male,Real
306,Ozzie,Aspenlon,oaspenlon8h@canalblog.com,Male,Peso
311,Westley,Veare,wveare8m@twitpic.com,Male,Metical
315,Wayland,Bowlesworth,wbowlesworth8q@house.gov,Male,Yuan Renminbi
318,Gauthier,Haggart,ghaggart8t@4shared.com,Male,Dram
320,Ade,Mathis,amathis8v@auda.org.au,Male,Baht
321,Alastair,Goodredge,agoodredge8w@paginegialle.it,Male,Zloty
323,Porty,Bunworth,pbunworth8y@ucsd.edu,Male,Yuan Renminbi
324,Urban,Ruse,uruse8z@sohu.com,Male,Euro
331,Baillie,Davidou,bdavidou96@constantcontact.com,Male,Yuan Renminbi
338,Walden,Pedwell,wpedwell9d@indiegogo.com,Male,Zloty
339,Cointon,Briffett,cbriffett9e@clickbank.net,Male,Peso
341,Clywd,Zanioletti,czanioletti9g@imageshack.us,Male,Yuan Renminbi
342,Thor,Ramiro,tramiro9h@berkeley.edu,Male,Dong
343,Dylan,Dilleway,ddilleway9i@utexas.edu,Male,Yuan Renminbi
347,Jerome,Hayhurst,jhayhurst9m@mysql.com,Male,Dollar
352,Lazare,Pidgen,lpidgen9r@cyberchimps.com,Male,Krona
353,Ingelbert,Baylis,ibaylis9s@homestead.com,Male,Yuan Renminbi
354,Pippo,Clausen,pclausen9t@sogou.com,Male,Zloty
358,Cosme,Berceros,cberceros9x@ibm.com,Male,Peso
359,Joaquin,O'dell,jodell9y@liveinternet.ru,Male,Pound
367,Manolo,O'Geaney,mogeaneya6@cbslocal.com,Male,Rupee
369,Munroe,Darycott,mdarycotta8@pcworld.com,Male,Rupiah
371,Nils,Guyan,nguyanaa@oracle.com,Male,Rupiah
373,Ferguson,Castanaga,fcastanagaac@vimeo.com,Male,Peso
380,Nealson,McElrath,nmcelrathaj@altervista.org,Male,Yuan Renminbi
381,Bear,Walenta,bwalentaak@networksolutions.com,Male,Yuan Renminbi
383,Jed,Dowdall,jdowdallam@admin.ch,Male,Peso
385,Abbey,Beldom,abeldomao@wired.com,Male,Rufiyaa
387,Caesar,Goodburn,cgoodburnaq@gnu.org,Male,Koruna
391,Victor,Cuolahan,vcuolahanau@surveymonkey.com,Male,Real
395,Caz,Tancock,ctancockay@umich.edu,Male,Euro
398,Judd,Bevar,jbevarb1@t.co,Male,Yuan Renminbi
401,Glynn,Gittings,ggittingsb4@bizjournals.com,Male,Rial
402,Jeffie,Goodfellowe,jgoodfelloweb5@cocolog-nifty.com,Male,Peso
404,Skip,Venus,svenusb7@themeforest.net,Male,Euro
406,North,MacCague,nmaccagueb9@multiply.com,Male,Euro
416,Zebadiah,Briant,zbriantbj@constantcontact.com,Male,Euro
417,Nickolai,Mattholie,nmattholiebk@go.com,Male,Euro
418,Caddric,Luby,clubybl@woothemes.com,Male,Yuan Renminbi
421,Curcio,Jakubowsky,cjakubowskybo@loc.gov,Male,Yen
422,Marv,Openshaw,mopenshawbp@networksolutions.com,Male,Peso
426,Sigismund,Berkely,sberkelybt@vimeo.com,Male,Zloty
427,Faber,Ebbett,febbettbu@nifty.com,Male,Euro
430,Scotti,Pickton,spicktonbx@loc.gov,Male,Yen
435,Lorry,Hollingsbee,lhollingsbeec2@prweb.com,Male,Real
439,Hersch,Beedon,hbeedonc6@wiley.com,Male,Euro
441,Archibold,Matasov,amatasovc8@mediafire.com,Male,Rupee
442,Jerrie,Grigoryev,jgrigoryevc9@meetup.com,Male,Rupiah
443,Maxie,Burnyate,mburnyateca@adobe.com,Male,Hryvnia
447,Brodie,Gwatkin,bgwatkince@stanford.edu,Male,Peso
448,Mick,Sauniere,msaunierecf@about.com,Male,Franc
450,Dex,Midghall,dmidghallch@prlog.org,Male,Hryvnia
452,Jehu,Bracci,jbraccicj@w3.org,Male,Ruble
453,Salomon,Trippick,strippickck@bizjournals.com,Male,Euro
455,Asa,Ickowics,aickowicscm@cmu.edu,Male,Lilangeni
457,Roger,Berzin,rberzinco@tamu.edu,Male,Yuan Renminbi
458,Niel,Johnsey,njohnseycp@t-online.de,Male,Euro
460,Lewie,Bretherton,lbrethertoncr@narod.ru,Male,Dollar
462,Alphard,Lemonnier,alemonnierct@artisteer.com,Male,Zloty
465,Jamesy,Delacroux,jdelacrouxcw@cyberchimps.com,Male,Rupiah
469,Wallas,South,wsouthd0@t-online.de,Male,Dinar
470,Whit,Ugo,wugod1@wp.com,Male,Hryvnia
474,Floyd,Eastes,feastesd5@feedburner.com,Male,Peso
475,Padraig,Le-Good,plegoodd6@posterous.com,Male,Lempira
476,Hyman,Goudie,hgoudied7@jalbum.net,Male,Euro
477,Teddy,Olechnowicz,tolechnowiczd8@xrea.com,Male,Shilling
478,Andrej,Witchalls,awitchallsd9@dot.gov,Male,Marka
482,Darwin,Shinton,dshintondd@pagesperso-orange.fr,Male,Zloty
487,Darius,Monck,dmonckdi@de.vu,Male,Rupiah
490,Rodrigo,O'Bruen,robruendl@facebook.com,Male,Peso
491,Cornie,Goodbourn,cgoodbourndm@comcast.net,Male,Yuan Renminbi
492,Dav,d'Escoffier,ddescoffierdn@canalblog.com,Male,Yuan Renminbi
494,Rog,Lakey,rlakeydp@nydailynews.com,Male,Rupiah
497,Kinsley,Jacobsson,kjacobssonds@pagesperso-orange.fr,Male,Koruna
500,Mylo,Coldham,mcoldhamdv@house.gov,Male,Baht
503,Barrie,Siggens,bsiggensdy@fda.gov,Male,Rupiah
512,Maxwell,Berka,mberkae7@businesswire.com,Male,Rupiah
518,Kelley,Uccello,kuccelloed@exblog.jp,Male,Rupiah
519,Archer,Kaasman,akaasmanee@illinois.edu,Male,Euro
520,Tiler,Rivelon,trivelonef@cam.ac.uk,Male,Yuan Renminbi
521,Benny,Welsby,bwelsbyeg@yelp.com,Male,Dram
522,Way,Dragonette,wdragonetteeh@squidoo.com,Male,Dollar
526,Giles,MacParland,gmacparlandel@domainmarket.com,Male,Yuan Renminbi
527,Carolus,Ibbs,cibbsem@pen.io,Male,Baht
528,Chevalier,Cristofor,ccristoforen@about.me,Male,Dollar
532,Craggy,Dollard,cdollarder@123-reg.co.uk,Male,Rupiah
534,Nye,Olyfant,nolyfantet@elpais.com,Male,Yuan Renminbi
535,Marshal,Lowdes,mlowdeseu@yahoo.com,Male,Quetzal
539,Sigismund,Mabb,smabbey@prlog.org,Male,Peso
540,Earlie,Eilles,eeillesez@apache.org,Male,Euro
541,Garrett,Hallt,ghalltf0@booking.com,Male,Peso
542,Kalvin,Slayny,kslaynyf1@nifty.com,Male,Rupiah
544,Bartlett,O'Lehane,bolehanef3@wp.com,Male,Franc
545,Cullie,Demicoli,cdemicolif4@wikipedia.org,Male,Peso
547,Natal,Baptie,nbaptief6@constantcontact.com,Male,Rial
551,Hort,Honatsch,hhonatschfa@goo.gl,Male,Krona
554,Jason,Ruit,jruitfd@geocities.com,Male,Pound
555,Westbrooke,Kopf,wkopffe@furl.net,Male,Krona
556,Kendal,Jeannot,kjeannotff@cloudflare.com,Male,Euro
560,Locke,Twining,ltwiningfj@ovh.net,Male,Hryvnia
563,Buddie,Yitzhakof,byitzhakoffm@feedburner.com,Male,Dollar
566,Rafael,Greenroa,rgreenroafp@cbc.ca,Male,Zloty
569,Dalis,Bothams,dbothamsfs@msn.com,Male,Rupee
576,Ruby,Drohane,rdrohanefz@surveymonkey.com,Male,Rupiah
587,Griff,Adolf,gadolfga@phoca.cz,Male,Rupiah
589,Durand,Janic,djanicgc@over-blog.com,Male,Zloty
596,Barbabas,Grigoryev,bgrigoryevgj@joomla.org,Male,Real
598,Morton,Waith,mwaithgl@surveymonkey.com,Male,Franc
602,Eziechiele,Bankes,ebankesgp@scribd.com,Male,Euro
604,Kurt,Gisburne,kgisburnegr@intel.com,Male,Rand
605,Derrik,Creffeild,dcreffeildgs@google.com.au,Male,Peso
606,Urbain,Bunyard,ubunyardgt@virginia.edu,Male,Yuan Renminbi
607,Shae,D'Ugo,sdugogu@census.gov,Male,Yuan Renminbi
610,Brew,Gimenez,bgimenezgx@soundcloud.com,Male,Rupiah
611,Bourke,Deniskevich,bdeniskevichgy@typepad.com,Male,Rupiah
612,Skipp,Stickland,ssticklandgz@dion.ne.jp,Male,Naira
619,Clarance,Borthwick,cborthwickh6@rakuten.co.jp,Male,Pound
621,Manny,Bithell,mbithellh8@smugmug.com,Male,Won
625,Manny,Pauly,mpaulyhc@jugem.jp,Male,Yuan Renminbi
627,Grove,Morales,gmoraleshe@e-recht24.de,Male,Krona
629,Ring,Chadburn,rchadburnhg@hud.gov,Male,Peso
630,Alon,Chatteris,achatterishh@forbes.com,Male,Euro
633,Aloin,Geroldo,ageroldohk@posterous.com,Male,Rupiah
635,Papageno,Dumbreck,pdumbreckhm@cpanel.net,Male,Real
636,Ave,Phin,aphinhn@virginia.edu,Male,Peso
638,Avery,Galvan,agalvanhp@shinystat.com,Male,Sol
642,Danny,Laraway,dlarawayht@g.co,Male,Euro
644,Vince,Redwood,vredwoodhv@multiply.com,Male,Zloty
645,Noam,Filinkov,nfilinkovhw@uol.com.br,Male,Afghani
647,Palmer,Bemwell,pbemwellhy@360.cn,Male,Yen
649,Cory,Alstead,calsteadi0@e-recht24.de,Male,Dollar
651,Jeromy,Pinshon,jpinshoni2@google.com.hk,Male,Real
661,Anson,Willers,awillersic@businessweek.com,Male,Euro
662,Peder,Mongeot,pmongeotid@army.mil,Male,Peso
666,Donn,Cookson,dcooksonih@mail.ru,Male,Yuan Renminbi
667,Roderic,Janauschek,rjanauschekii@census.gov,Male,Dollar
668,Delainey,Emson,demsonij@nytimes.com,Male,Yuan Renminbi
671,Nikolas,Jonathon,njonathonim@miitbeian.gov.cn,Male,Yuan Renminbi
676,Link,Cappleman,lcapplemanir@weather.com,Male,Euro
680,Herbert,Andre,handreiv@behance.net,Male,Ariary
681,Alric,Tinman,atinmaniw@a8.net,Male,Peso
683,Linn,Grayshon,lgrayshoniy@msu.edu,Male,Yuan Renminbi
689,Jose,Ledson,jledsonj4@vistaprint.com,Male,Ringgit
690,Jehu,Battin,jbattinj5@zimbio.com,Male,Real
691,Bronny,Kersley,bkersleyj6@51.la,Male,Peso
692,Vidovic,Monson,vmonsonj7@pen.io,Male,Rupiah
693,Red,Edwin,redwinj8@lulu.com,Male,Euro
694,Riobard,Blaske,rblaskej9@fastcompany.com,Male,Krona
698,Lancelot,Bortolutti,lbortoluttijd@google.nl,Male,Dollar
699,Thorn,Pettiford,tpettifordje@lulu.com,Male,Peso
701,Laurens,Bougourd,lbougourdjg@cbslocal.com,Male,Baht
702,Muffin,Stoffels,mstoffelsjh@linkedin.com,Male,Euro
708,Shaun,Breckenridge,sbreckenridgejn@smugmug.com,Male,Yuan Renminbi
709,Lodovico,Fassmann,lfassmannjo@360.cn,Male,Koruna
712,Flin,Seaborn,fseabornjr@auda.org.au,Male,Yen
718,Fitzgerald,De Roberto,fderobertojx@slate.com,Male,Sol
720,Hillard,Doone,hdoonejz@icio.us,Male,Sol
721,Lawrence,Farnes,lfarnesk0@cocolog-nifty.com,Male,Real
722,Brady,MacNeish,bmacneishk1@guardian.co.uk,Male,Yuan Renminbi
725,My,Woolager,mwoolagerk4@google.com,Male,Rand
727,Sherm,Terlinden,sterlindenk6@soundcloud.com,Male,Euro
730,Verney,Strutley,vstrutleyk9@google.com.br,Male,Yuan Renminbi
731,Ronny,Dunthorn,rdunthornka@senate.gov,Male,Yuan Renminbi
733,Pietro,Kubacki,pkubackikc@naver.com,Male,Yuan Renminbi
738,Bondon,Figgen,bfiggenkh@google.nl,Male,Ruble
741,Kristopher,Roman,kromankk@chron.com,Male,Yuan Renminbi
742,Brook,St. Hill,bsthillkl@creativecommons.org,Male,Rupee
747,Laughton,Demange,ldemangekq@miibeian.gov.cn,Male,Forint
754,Buck,Burthom,bburthomkx@usnews.com,Male,Euro
756,Pail,Earnshaw,pearnshawkz@nps.gov,Male,Euro
757,Harris,Foulkes,hfoulkesl0@hatena.ne.jp,Male,Dollar
760,Benito,Eldon,beldonl3@alexa.com,Male,Real
761,Jone,Rumsey,jrumseyl4@ameblo.jp,Male,Peso
762,Benji,Meadmore,bmeadmorel5@freewebs.com,Male,Ruble
766,Sherwynd,Yarrington,syarringtonl9@walmart.com,Male,Yuan Renminbi
768,Jameson,McKie,jmckielb@auda.org.au,Male,Euro
776,Morris,Clink,mclinklj@google.de,Male,Zloty
778,Ole,Drohane,odrohanell@goo.gl,Male,Yuan Renminbi
781,Stanfield,Lidell,slidelllo@msu.edu,Male,Yuan Renminbi
783,Lindsey,Baniard,lbaniardlq@shutterfly.com,Male,Baht
786,Chance,Maasz,cmaaszlt@gov.uk,Male,Pound
787,Ricardo,Burds,rburdslu@cargocollective.com,Male,Rupiah
788,Davin,Rubinowitsch,drubinowitschlv@ucla.edu,Male,Ruble
791,Orazio,Kerwen,okerwenly@typepad.com,Male,Rupiah
792,Patrice,Swinney,pswinneylz@uiuc.edu,Male,Peso
795,Major,Itzchaky,mitzchakym2@netscape.com,Male,Yuan Renminbi
796,Dal,Gerhts,dgerhtsm3@cbslocal.com,Male,Dong
797,Brock,Kimberly,bkimberlym4@jugem.jp,Male,Euro
798,Preston,Sekulla,psekullam5@usatoday.com,Male,Yuan Renminbi
801,Alix,Stirley,astirleym8@a8.net,Male,Dollar
802,Vincents,Wraight,vwraightm9@tamu.edu,Male,Manat
803,Patsy,Cussons,pcussonsma@hibu.com,Male,Rupiah
806,Kip,Blight,kblightmd@adobe.com,Male,Yuan Renminbi
807,Aaron,Lurcock,alurcockme@booking.com,Male,Euro
810,Cobbie,Mc Grath,cmcgrathmh@blinklist.com,Male,Yuan Renminbi
811,Hilary,De Normanville,hdenormanvillemi@lulu.com,Male,Peso
814,Howard,Glisane,hglisaneml@about.me,Male,Koruna
817,Birk,De Andisie,bdeandisiemo@bizjournals.com,Male,Rial
818,Gardiner,Bevis,gbevismp@mozilla.org,Male,Euro
830,Thorn,Antoniat,tantoniatn1@liveinternet.ru,Male,Rupiah
832,Klement,McGovern,kmcgovernn3@skyrock.com,Male,Hryvnia
834,Clemens,Praill,cprailln5@domainmarket.com,Male,Ruble
839,Murry,Annon,mannonna@diigo.com,Male,Dong
841,Al,Follos,afollosnc@cloudflare.com,Male,Peso
842,Greggory,Morshead,gmorsheadnd@mail.ru,Male,Ruble
843,Karl,Benardet,kbenardetne@tinypic.com,Male,Baht
844,Jedd,Flear,jflearnf@webmd.com,Male,Rupiah
846,Clayson,MacAlester,cmacalesternh@live.com,Male,Dinar
847,Goraud,Casari,gcasarini@huffingtonpost.com,Male,Peso
851,Silvanus,McNally,smcnallynm@deliciousdays.com,Male,Baht
852,Itch,Becraft,ibecraftnn@ebay.co.uk,Male,Yuan Renminbi
856,Brewster,Crosher,bcroshernr@scientificamerican.com,Male,Euro
862,Meir,Foulcher,mfoulchernx@usgs.gov,Male,Pound
863,Mendy,Croston,mcrostonny@google.it,Male,Yuan Renminbi
866,Lorant,Fluin,lfluino1@arstechnica.com,Male,Real
871,Damian,Georgot,dgeorgoto6@hostgator.com,Male,Kuna
875,Alard,Langer,alangeroa@time.com,Male,Birr
876,Ave,Fever,afeverob@wikipedia.org,Male,Rupiah
878,Ferrell,Gerish,fgerishod@unicef.org,Male,Sol
880,Murdock,McIlheran,mmcilheranof@slideshare.net,Male,Euro
881,Torrin,Ivushkin,tivushkinog@scribd.com,Male,Pound
882,Cecil,Spinks,cspinksoh@delicious.com,Male,Dollar
883,Merill,Raitt,mraittoi@qq.com,Male,Yuan Renminbi
885,Pedro,Arnecke,parneckeok@myspace.com,Male,Euro
890,Ode,Sampey,osampeyop@reddit.com,Male,Euro
891,Gordan,Huckleby,ghucklebyoq@sun.com,Male,Hryvnia
892,Hube,Cordoba,hcordobaor@sun.com,Male,Krone
895,Terry,Ottewill,tottewillou@symantec.com,Male,Rupiah
898,Dalt,Ghilardi,dghilardiox@mozilla.com,Male,Dram
901,Thadeus,Clother,tclotherp0@netvibes.com,Male,Naira
909,Mitchell,Bushby,mbushbyp8@blog.com,Male,Real
912,Gunner,Roocroft,groocroftpb@wordpress.org,Male,Rupiah
914,Claus,Gauden,cgaudenpd@cornell.edu,Male,Euro
915,Hadley,Piel,hpielpe@mashable.com,Male,Peso
918,Esteban,Jordanson,ejordansonph@wikia.com,Male,Franc
920,Brigg,Schwieso,bschwiesopj@is.gd,Male,Ringgit
922,Ewell,O Sullivan,eosullivanpl@npr.org,Male,Yuan Renminbi
925,Sol,Worlock,sworlockpo@cargocollective.com,Male,Peso
926,Blair,McCullogh,bmcculloghpp@fema.gov,Male,Yuan Renminbi
928,Tiler,Izzett,tizzettpr@reference.com,Male,Rupee
935,Nicolai,Tales,ntalespy@bloomberg.com,Male,Dollar
940,Ivar,Warsap,iwarsapq3@wired.com,Male,Yen
941,Sunny,Wyett,swyettq4@naver.com,Male,Kuna
944,Artemis,Size,asizeq7@t-online.de,Male,Yuan Renminbi
949,Raimund,Dimitrov,rdimitrovqc@biglobe.ne.jp,Male,Peso
953,Paddy,Hockey,phockeyqg@linkedin.com,Male,Yuan Renminbi
955,Warden,Janikowski,wjanikowskiqi@drupal.org,Male,Rupiah
958,Normie,Flips,nflipsql@thetimes.co.uk,Male,Euro
960,Stephan,Colter,scolterqn@drupal.org,Male,Yuan Renminbi
961,Berti,Vereker,bverekerqo@nytimes.com,Male,Krone
965,Tarrance,Swindin,tswindinqs@amazon.co.uk,Male,Yen
966,Hailey,Etoile,hetoileqt@nytimes.com,Male,Dollar
967,Glyn,Phillipps,gphillippsqu@army.mil,Male,Peso
969,Timofei,Coope,tcoopeqw@webeden.co.uk,Male,Yuan Renminbi
970,Igor,Mulder,imulderqx@google.it,Male,Rupiah
971,Spike,Schofield,sschofieldqy@amazon.co.jp,Male,Yuan Renminbi
972,Isacco,Humpage,ihumpageqz@google.com.hk,Male,Ruble
976,Jeremias,Earney,jearneyr3@cmu.edu,Male,Krone
977,Ryon,Moneti,rmonetir4@wikispaces.com,Male,Yuan Renminbi
980,Cecilius,Halton,chaltonr7@columbia.edu,Male,Peso
981,Kane,Blenkensop,kblenkensopr8@themeforest.net,Male,Yuan Renminbi
983,Blane,Garnall,bgarnallra@jiathis.com,Male,Ruble
985,Hurleigh,Micka,hmickarc@archive.org,Male,Dong
988,Jason,Pettett,jpettettrf@latimes.com,Male,Denar
989,Ravi,McFfaden,rmcffadenrg@naver.com,Male,Sol
995,Shae,Gamlin,sgamlinrm@sohu.com,Male,Yuan Renminbi
